{
  "tinyvit_base": {
    "alpha": 0.0,
    "model": "tinyvit",
    "mean_rms_norm": 0.07823026366531849,
    "layer_norms": {
      "blocks.0.attn.qkv.weight": 0.09372548758983612,
      "blocks.0.attn.proj.weight": 0.06080326437950134,
      "blocks.0.mlp.fc1.weight": 0.08654636889696121,
      "blocks.0.mlp.fc2.weight": 0.0673828199505806,
      "blocks.1.attn.qkv.weight": 0.09059569239616394,
      "blocks.1.attn.proj.weight": 0.06536319106817245,
      "blocks.1.mlp.fc1.weight": 0.08725032210350037,
      "blocks.1.mlp.fc2.weight": 0.07556074112653732,
      "blocks.2.attn.qkv.weight": 0.08533637225627899,
      "blocks.2.attn.proj.weight": 0.07223881036043167,
      "blocks.2.mlp.fc1.weight": 0.0833582654595375,
      "blocks.2.mlp.fc2.weight": 0.06561052054166794,
      "blocks.3.attn.qkv.weight": 0.08296968042850494,
      "blocks.3.attn.proj.weight": 0.07970311492681503,
      "blocks.3.mlp.fc1.weight": 0.07986554503440857,
      "blocks.3.mlp.fc2.weight": 0.07537402212619781
    }
  },
  "tinyvit_weak": {
    "alpha": 0.1,
    "model": "tinyvit",
    "mean_rms_norm": 0.09290913213044405,
    "layer_norms": {
      "blocks.0.attn.qkv.weight": 0.0916057750582695,
      "blocks.0.attn.proj.weight": 0.13066646456718445,
      "blocks.0.mlp.fc1.weight": 0.0857292041182518,
      "blocks.0.mlp.fc2.weight": 0.06777038425207138,
      "blocks.1.attn.qkv.weight": 0.088467076420784,
      "blocks.1.attn.proj.weight": 0.13335558772087097,
      "blocks.1.mlp.fc1.weight": 0.08727438002824783,
      "blocks.1.mlp.fc2.weight": 0.0735238566994667,
      "blocks.2.attn.qkv.weight": 0.0866304412484169,
      "blocks.2.attn.proj.weight": 0.09900680929422379,
      "blocks.2.mlp.fc1.weight": 0.08261679857969284,
      "blocks.2.mlp.fc2.weight": 0.0634046345949173,
      "blocks.3.attn.qkv.weight": 0.08301378041505814,
      "blocks.3.attn.proj.weight": 0.16003566980361938,
      "blocks.3.mlp.fc1.weight": 0.07974080741405487,
      "blocks.3.mlp.fc2.weight": 0.07370444387197495
    },
    "alpha_eff_normalised": 0.3693857096364259
  },
  "tinyvit_strong": {
    "alpha": 1.0,
    "model": "tinyvit",
    "mean_rms_norm": 0.11791309644468129,
    "layer_norms": {
      "blocks.0.attn.qkv.weight": 0.0883830338716507,
      "blocks.0.attn.proj.weight": 0.2145688831806183,
      "blocks.0.mlp.fc1.weight": 0.08262789994478226,
      "blocks.0.mlp.fc2.weight": 0.06247970089316368,
      "blocks.1.attn.qkv.weight": 0.08748851716518402,
      "blocks.1.attn.proj.weight": 0.2177826166152954,
      "blocks.1.mlp.fc1.weight": 0.08608439564704895,
      "blocks.1.mlp.fc2.weight": 0.0694061815738678,
      "blocks.2.attn.qkv.weight": 0.08827469497919083,
      "blocks.2.attn.proj.weight": 0.24488452076911926,
      "blocks.2.mlp.fc1.weight": 0.08288657665252686,
      "blocks.2.mlp.fc2.weight": 0.06286740303039551,
      "blocks.3.attn.qkv.weight": 0.08585343509912491,
      "blocks.3.attn.proj.weight": 0.2610648274421692,
      "blocks.3.mlp.fc1.weight": 0.07994665205478668,
      "blocks.3.mlp.fc2.weight": 0.07201020419597626
    },
    "alpha_eff_normalised": 5.949594566031405
  },
  "vits_base": {
    "alpha": 0.0,
    "model": "vits",
    "mean_rms_norm": 0.04834130367574593,
    "layer_norms": {
      "blocks.0.attn.qkv.weight": 0.031448449939489365,
      "blocks.0.attn.proj.weight": 0.034064341336488724,
      "blocks.0.mlp.fc1.weight": 0.04699024558067322,
      "blocks.0.mlp.fc2.weight": 0.04124309495091438,
      "blocks.1.attn.qkv.weight": 0.03635658323764801,
      "blocks.1.attn.proj.weight": 0.03961144760251045,
      "blocks.1.mlp.fc1.weight": 0.05121008679270744,
      "blocks.1.mlp.fc2.weight": 0.0463663712143898,
      "blocks.2.attn.qkv.weight": 0.04058748856186867,
      "blocks.2.attn.proj.weight": 0.04457990825176239,
      "blocks.2.mlp.fc1.weight": 0.054651565849781036,
      "blocks.2.mlp.fc2.weight": 0.04792530834674835,
      "blocks.3.attn.qkv.weight": 0.04141748324036598,
      "blocks.3.attn.proj.weight": 0.04616188630461693,
      "blocks.3.mlp.fc1.weight": 0.05647003650665283,
      "blocks.3.mlp.fc2.weight": 0.050059378147125244,
      "blocks.4.attn.qkv.weight": 0.04194803535938263,
      "blocks.4.attn.proj.weight": 0.046855662018060684,
      "blocks.4.mlp.fc1.weight": 0.05713217705488205,
      "blocks.4.mlp.fc2.weight": 0.052002809941768646,
      "blocks.5.attn.qkv.weight": 0.04212319478392601,
      "blocks.5.attn.proj.weight": 0.046058036386966705,
      "blocks.5.mlp.fc1.weight": 0.057618897408246994,
      "blocks.5.mlp.fc2.weight": 0.05411749333143234,
      "blocks.6.attn.qkv.weight": 0.04150821268558502,
      "blocks.6.attn.proj.weight": 0.04578237980604172,
      "blocks.6.mlp.fc1.weight": 0.057606786489486694,
      "blocks.6.mlp.fc2.weight": 0.055847857147455215,
      "blocks.7.attn.qkv.weight": 0.04139687865972519,
      "blocks.7.attn.proj.weight": 0.04583997279405594,
      "blocks.7.mlp.fc1.weight": 0.057423047721385956,
      "blocks.7.mlp.fc2.weight": 0.05727052316069603,
      "blocks.8.attn.qkv.weight": 0.04207092896103859,
      "blocks.8.attn.proj.weight": 0.04401567205786705,
      "blocks.8.mlp.fc1.weight": 0.05744757503271103,
      "blocks.8.mlp.fc2.weight": 0.05867638438940048,
      "blocks.9.attn.qkv.weight": 0.04177191108465195,
      "blocks.9.attn.proj.weight": 0.04258696362376213,
      "blocks.9.mlp.fc1.weight": 0.05741867050528526,
      "blocks.9.mlp.fc2.weight": 0.06029609218239784,
      "blocks.10.attn.qkv.weight": 0.04279950261116028,
      "blocks.10.attn.proj.weight": 0.041355665773153305,
      "blocks.10.mlp.fc1.weight": 0.057280831038951874,
      "blocks.10.mlp.fc2.weight": 0.06100833788514137,
      "blocks.11.attn.qkv.weight": 0.043294165283441544,
      "blocks.11.attn.proj.weight": 0.041262008249759674,
      "blocks.11.mlp.fc1.weight": 0.0572177954018116,
      "blocks.11.mlp.fc2.weight": 0.06220443174242973
    },
    "topo_ce_ratio": null,
    "note": "baseline (\u03b1=0)"
  },
  "vits_weak": {
    "alpha": 0.1,
    "model": "vits",
    "mean_rms_norm": 0.049919994858404,
    "layer_norms": {
      "blocks.0.attn.qkv.weight": 0.031478382647037506,
      "blocks.0.attn.proj.weight": 0.04032796993851662,
      "blocks.0.mlp.fc1.weight": 0.04642055556178093,
      "blocks.0.mlp.fc2.weight": 0.039928000420331955,
      "blocks.1.attn.qkv.weight": 0.036430537700653076,
      "blocks.1.attn.proj.weight": 0.04670170694589615,
      "blocks.1.mlp.fc1.weight": 0.050923846662044525,
      "blocks.1.mlp.fc2.weight": 0.0460909828543663,
      "blocks.2.attn.qkv.weight": 0.0406566821038723,
      "blocks.2.attn.proj.weight": 0.0492895245552063,
      "blocks.2.mlp.fc1.weight": 0.05455458536744118,
      "blocks.2.mlp.fc2.weight": 0.0472579263150692,
      "blocks.3.attn.qkv.weight": 0.042654018849134445,
      "blocks.3.attn.proj.weight": 0.04889132082462311,
      "blocks.3.mlp.fc1.weight": 0.05645616352558136,
      "blocks.3.mlp.fc2.weight": 0.049132607877254486,
      "blocks.4.attn.qkv.weight": 0.04363315552473068,
      "blocks.4.attn.proj.weight": 0.051693838089704514,
      "blocks.4.mlp.fc1.weight": 0.057448163628578186,
      "blocks.4.mlp.fc2.weight": 0.05202222615480423,
      "blocks.5.attn.qkv.weight": 0.04283470660448074,
      "blocks.5.attn.proj.weight": 0.05136528238654137,
      "blocks.5.mlp.fc1.weight": 0.05778538063168526,
      "blocks.5.mlp.fc2.weight": 0.05436164513230324,
      "blocks.6.attn.qkv.weight": 0.0430796854197979,
      "blocks.6.attn.proj.weight": 0.05101071670651436,
      "blocks.6.mlp.fc1.weight": 0.05783907324075699,
      "blocks.6.mlp.fc2.weight": 0.05602220445871353,
      "blocks.7.attn.qkv.weight": 0.04254166781902313,
      "blocks.7.attn.proj.weight": 0.05127110332250595,
      "blocks.7.mlp.fc1.weight": 0.05797789990901947,
      "blocks.7.mlp.fc2.weight": 0.057648055255413055,
      "blocks.8.attn.qkv.weight": 0.04282665625214577,
      "blocks.8.attn.proj.weight": 0.04981491342186928,
      "blocks.8.mlp.fc1.weight": 0.05799093842506409,