{
  "run_id": "baseline_s42",
  "model_type": "vit_small_patch16_224",
  "alpha": 0.0,
  "seed": 42,
  "val_acc": 0.6064,
  "epoch": 87,
  "h1": {
    "mono_mean": 0.23282329738140106,
    "mono_median": 0.20600074529647827,
    "mono_max": 0.9999999403953552,
    "frac_gt_05": 0.0026041667442768812
  },
  "h2": {
    "l0_norm": 1269.11474609375,
    "dead_pct": 0.2604166744276881,
    "recon_loss": 0.004925908986479044
  },
  "h3": {
    "cluster_dlogit": 0.347756564617157,
    "random_dlogit": 0.27379298210144043,
    "patch_ratio": 1.2701441868525067
  }
}