{
  "run_id": "baseline_s42",
  "model_type": "vit_small_patch16_224",
  "alpha": 0.0,
  "seed": 42,
  "val_acc": 0.6064,
  "epoch": 87,
  "h1": {
    "mono_mean": 0.23282329738140106,
    "mono_median": 0.20600074529647827,
    "mono_max": 0.9999999403953552,
    "frac_gt_05": 0.0026041667442768812
  },
  "h2": {
    "l0_norm": 1265.1475830078125,
    "dead_pct": 0.1953125,
    "recon_loss": 0.0037647285498678684
  },
  "h3": {
    "cluster_dlogit": 0.3293314576148987,
    "random_dlogit": 0.27386289834976196,
    "patch_ratio": 1.2025413431296395
  }
}