{
  "run_id": "baseline_s456",
  "model_type": "vit_small_patch16_224",
  "alpha": 0.0,
  "seed": 456,
  "val_acc": 0.611,
  "epoch": 76,
  "h1": {
    "mono_mean": 0.2366957813501358,
    "mono_median": 0.20602768659591675,
    "mono_max": 0.9999999403953552,
    "frac_gt_05": 0.0052083334885537624
  },
  "h2": {
    "l0_norm": 1295.0269775390625,
    "dead_pct": 0.32552084885537624,
    "recon_loss": 0.0034173675812780857
  },
  "h3": {
    "cluster_dlogit": 0.3426010012626648,
    "random_dlogit": 0.2880497872829437,
    "patch_ratio": 1.1893811986263918
  }
}