{
  "run_id": "baseline_s42",
  "model_type": "vit_small_patch16_224",
  "alpha": 0.0,
  "seed": 42,
  "val_acc": 0.6064,
  "epoch": 87,
  "h1": {
    "mono_mean": 0.23282329738140106,
    "mono_median": 0.20600074529647827,
    "mono_max": 0.9999999403953552,
    "frac_gt_05": 0.0026041667442768812
  },
  "h2": {
    "l0_norm": 1283.088134765625,
    "dead_pct": 0.13020833721384406,
    "recon_loss": 0.003071506740525365
  },
  "h3": {
    "cluster_dlogit": 0.34758460521698,
    "random_dlogit": 0.27382391691207886,
    "patch_ratio": 1.2693727017592282
  }
}