{
  "baseline_s42": {
    "alpha": 0.0,
    "seed": 42,
    "d_95": 171,
    "top10_var_frac": 0.2412586659193039,
    "sae_l0": 1265.1475830078125
  },
  "baseline_s123": {
    "alpha": 0.0,
    "seed": 123,
    "d_95": 163,
    "top10_var_frac": 0.2485925704240799,
    "sae_l0": 1261.5225830078125
  },
  "baseline_s456": {
    "alpha": 0.0,
    "seed": 456,
    "d_95": 166,
    "top10_var_frac": 0.2477055788040161,
    "sae_l0": 1295.0269775390625
  },
  "topo_weak_s42": {
    "alpha": 0.1,
    "seed": 42,
    "d_95": 153,
    "top10_var_frac": 0.3217754662036896,
    "sae_l0": 1282.62353515625
  },
  "topo_weak_s123": {
    "alpha": 0.1,
    "seed": 123,
    "d_95": 161,
    "top10_var_frac": 0.3319067358970642,
    "sae_l0": 1305.3916015625
  },
  "topo_weak_s456": {
    "alpha": 0.1,
    "seed": 456,
    "d_95": 161,
    "top10_var_frac": 0.2861057221889496,
    "sae_l0": 1331.259765625
  },
  "topo_strong_s42": {
    "alpha": 1.0,
    "seed": 42,
    "d_95": 147,
    "top10_var_frac": 0.5809771418571472,
    "sae_l0": 1130.36279296875
  },
  "topo_strong_s123": {
    "alpha": 1.0,
    "seed": 123,
    "d_95": 141,
    "top10_var_frac": 0.5949202179908752,
    "sae_l0": 1138.0555419921875
  },
  "topo_strong_s456": {
    "alpha": 1.0,
    "seed": 456,
    "d_95": 139,
    "top10_var_frac": 0.5944101214408875,
    "sae_l0": 1132.9517822265625
  }
}