{
  "results": {
    "baseline_s42": {
      "alpha": 0.0,
      "seed": 42,
      "per_class": {
        "59": 9.603478962591463,
        "21": 11.125154666866742,
        "56": 10.972203301680414,
        "18": 9.585658363071445,
        "33": 11.15656455692822,
        "42": 8.523220182517187,
        "50": 10.982895833491542,
        "27": 9.730087682417812,
        "92": 10.15814039622444,
        "71": 11.064200258854576,
        "2": 12.782208212072828,
        "25": 10.125164525886602,
        "24": 10.938777530738232,
        "52": 10.824455111870877,
        "81": 9.668066382955779,
        "99": 10.88912076478068,
        "51": 9.79054621482489,
        "61": 9.416791632230467,
        "4": 11.431786240337907,
        "97": 10.272476592556798
      },
      "mean_dist": 10.452049870644945,
      "std_dist": 0.919086998453172,
      "random_baseline": 10.617658096031496
    },
    "baseline_s123": {
      "alpha": 0.0,
      "seed": 123,
      "per_class": {
        "21": 10.789918371511995,
        "71": 9.880770225874775,
        "92": 10.530115352542301,
        "23": 11.375121918909798,
        "79": 11.099365736835734,
        "31": 10.099336733375,
        "66": 12.800741784002813,
        "72": 9.024908956382108,
        "94": 10.285990345245391,
        "38": 10.387613695062859,
        "40": 12.086556336693594,
        "50": 12.406705332289167,
        "53": 11.505703675749514,
        "37": 11.345250753157833,
        "65": 9.256044159827717,
        "1": 11.05440480200643,
        "17": 9.933388614673355,
        "81": 9.267664214534898,
        "3": 11.30023067909738,
        "99": 10.15215578701869
      },
      "mean_dist": 10.729099373739569,
      "std_dist": 1.0140623988431923,
      "random_baseline": 10.617658096031496
    },
    "baseline_s456": {
      "alpha": 0.0,
      "seed": 456,
      "per_class": {
        "96": 9.909397849770954,
        "54": 11.364018975246251,
        "21": 9.514190364865255,
        "99": 9.988382997581642,
        "94": 11.202059251283679,
        "52": 10.719953446858902,
        "77": 11.701234634104251,
        "66": 10.536442373440801,
        "82": 10.508117027385229,
        "27": 9.74877553714332,
        "34": 11.297602133728125,
        "88": 9.977837387959275,
        "97": 11.905463557499923,
        "79": 11.287279668181275,
        "31": 10.303563167944636,
        "62": 10.729680710664315,
        "78": 9.93741794863568,
        "60": 11.203740933289346,
        "69": 9.814502447257633,
        "49": 10.664281037152792
      },
      "mean_dist": 10.615697072499664,
      "std_dist": 0.6897501445185985,
      "random_baseline": 10.617658096031496
    },
    "topo_weak_s42": {
      "alpha": 0.1,
      "seed": 42,
      "per_class": {
        "59": 9.438653881291089,
        "21": 10.545445971260396,
        "56": 10.956414111927167,
        "18": 10.531068628506038,
        "33": 10.123697293484668,
        "42": 9.056618565704742,
        "50": 10.778321510406231,
        "27": 10.499452151373141,
        "92": 10.437181910180785,
        "71": 12.264371113779665,
        "2": 10.849103298475036,
        "25": 10.93802468572702,
        "24": 10.87382600480593,
        "52": 11.75443150301939,
        "81": 10.21261834960466,
        "99": 11.20040581674216,
        "51": 9.772607930451366,
        "61": 10.93553590167669,
        "4": 10.744930627447129,
        "97": 9.768795863361532
      },
      "mean_dist": 10.584075255961242,
      "std_dist": 0.7255851509587642,
      "random_baseline": 10.617658096031496
    },
    "topo_weak_s123": {
      "alpha": 0.1,
      "seed": 123,
      "per_class": {
        "21": 10.398752212886235,
        "71": 10.174215748038291,
        "92": 10.493933323687108,
        "23": 12.537938685817888,
        "79": 10.153689656301557,
        "31": 11.364955622357213,
        "66": 10.206021596031725,
        "72": 8.532138188213798,
        "94": 9.426662115743564,
        "38": 10.925180558481502,
        "40": 12.708654658743786,
        "50": 11.746933069125836,
        "53": 10.998175533424554,
        "37": 9.942034131087272,
        "65": 9.607979325298402,
        "1": 11.626708390517441,
        "17": 10.499872554538316,
        "81": 11.116849259442795,
        "3": 10.179646790199257,
        "99": 8.495831155363458
      },
      "mean_dist": 10.556808628765,
      "std_dist": 1.0936723707726848,
      "random_baseline": 10.617658096031496
    },
    "topo_weak_s456": {
      "alpha": 0.1,
      "seed": 456,
      "per_class": {
        "96": 10.454309798042903,
        "54": 11.660944566170345,
        "21": 11.130132647704917,
        "99": 9.23734452107016,
        "94": 10.589802883712313,
        "52": 10.559424850866133,
        "77": 11.115111103600826,
        "66": 9.747886120449282,
        "82": 9.861397758215048,
        "27": 10.28191660037661,
        "34": 11.729934507813091,
        "88": 10.174980104185007,
        "97": 11.155524667809203,
        "79": 11.825412235266384,
        "31": 10.46052275369002,
        "62": 9.437223841661678,
        "78": 9.006548185982783,
        "60": 10.27347651805175,
        "69": 8.364543908816078,
        "49": 11.61224564796448
      },
      "mean_dist": 10.43393416107245,
      "std_dist": 0.9402071831423489,
      "random_baseline": 10.617658096031496
    },
    "topo_strong_s42": {
      "alpha": 1.0,
      "seed": 42,
      "per_class": {
        "59": 10.85582970947101,
        "21": 8.443649174858153,
        "56": 10.649333109117924,
        "18": 9.415797947532031,
        "33": 10.218948086998232,
        "42": 7.997785505660838,
        "50": 9.503105231859513,
        "27": 10.94351947965334,
        "92": 10.847590163351283,
        "71": 10.192512083530145,
        "2": 11.590034462522453,
        "25": 9.43623171171593,
        "24": 10.82923107963763,
        "52": 9.164319853623878,
        "81": 7.368379257659963,
        "99": 10.911826157505867,
        "51": 10.050309481910249,
        "61": 10.830364431372828,
        "4": 9.353467321277245,
        "97": 10.598911685798369
      },
      "mean_dist": 9.960057296752844,
      "std_dist": 1.079182893494589,
      "random_baseline": 10.617658096031496
    },
    "topo_strong_s123": {
      "alpha": 1.0,
      "seed": 123,
      "per_class": {
        "21": 10.81879918531967,
        "71": 8.128100521733892,
        "92": 11.10391863314587,
        "23": 11.683970616302952,
        "79": 10.527210035354557,
        "31": 10.152569894734116,
        "66": 9.110197646098788,
        "72": 8.567158348719166,
        "94": 10.995858014686117,
        "38": 8.342098271849062,
        "40": 11.311282909542513,
        "50": 10.007425628954593,
        "53": 9.12936189773971,
        "37": 10.378377844880458,
        "65": 9.326613598297564,
        "1": 11.60521518517576,
        "17": 8.690539532580061,
        "81": 8.9318535665385,
        "3": 9.0835111492846,
        "99": 9.30482393597457
      },
      "mean_dist": 9.859944320845626,
      "std_dist": 1.107984942714269,
      "random_baseline": 10.617658096031496
    },
    "topo_strong_s456": {
      "alpha": 1.0,
      "seed": 456,
      "per_class": {
        "96": 10.632165662477528,
        "54": 9.85992527563466,
        "21": 10.126321827780156,
        "99": 9.493347362933097,
        "94": 9.859907278551297,
        "52": 10.899637159857486,
        "77": 11.920704762901147,
        "66": 10.994177025006673,
        "82": 7.909871151892152,
        "27": 9.685837653797828,
        "34": 11.781149148172858,
        "88": 11.037091907120002,
        "97": 9.80554998376424,
        "79": 10.787413654808015,
        "31": 9.033914306701773,
        "62": 8.656410530266916,
        "78": 9.013119952222493,
        "60": 9.840220023234682,
        "69": 9.772588303133348,
        "49": 9.375604449204543
      },
      "mean_dist": 10.024247870973046,
      "std_dist": 0.9934646080679143,
      "random_baseline": 10.617658096031496
    }
  },