{
  "exp010_accuracy_l0_regression": {
    "slope": 6968.639026736044,
    "intercept": -2995.4876199440064,
    "r_squared": 0.7240091198490869,
    "p_value": 0.0036319520711116547,
    "residuals": {
      "baseline_s123": -59.36481020848669,
      "baseline_s42": 34.85249713908115,
      "baseline_s456": 32.676152147345874,
      "topo_strong_s123": -54.60889313216876,
      "topo_strong_s42": -37.2145416593562,
      "topo_strong_s456": 21.12355981234441,
      "topo_weak_s123": -0.16478579497970713,
      "topo_weak_s42": 0.7605204896722171,
      "topo_weak_s456": 61.94030120654725
    }
  },
  "exp015_paired_tests": [
    {
      "metric": "H2: L0 Norm",
      "comparison": "\u03b1=0.0 vs \u03b1=0.1",
      "baseline_values": [
        1265.1475830078125,
        1261.5225830078125,
        1295.0269775390625
      ],
      "treatment_values": [
        1282.62353515625,
        1305.3916015625,
        1331.259765625
      ],
      "mean_diff": 32.525919596354164,
      "t_stat": -4.1480692969810935,
      "p_value": 0.053496713308456754,
      "cohens_d": 2.39488892522908,
      "ci_95": [
        17.4759521484375,
        43.8690185546875
      ],
      "significant": false
    },
    {
      "metric": "H2: L0 Norm",
      "comparison": "\u03b1=0.0 vs \u03b1=1.0",
      "baseline_values": [
        1265.1475830078125,
        1261.5225830078125,
        1295.0269775390625
      ],
      "treatment_values": [
        1130.36279296875,
        1138.0555419921875,
        1132.9517822265625
      ],
      "mean_diff": -140.1090087890625,
      "t_stat": 12.227265913252266,
      "p_value": 0.006622324875858548,
      "cohens_d": -7.059415266468977,
      "ci_95": [
        -162.0751953125,
        -123.467041015625
      ],
      "significant": true
    },
    {
      "metric": "H2: Dead %",
      "comparison": "\u03b1=0.0 vs \u03b1=0.1",
      "baseline_values": [
        0.1953125,
        0.0,
        0.32552084885537624
      ],
      "treatment_values": [
        0.390625,
        0.13020833721384406,
        0.1953125
      ],
      "mean_diff": 0.06510416278615594,
      "t_stat": -0.6546535954543535,
      "p_value": 0.5799160145593547,
      "cohens_d": 0.37796442955933307,
      "ci_95": [
        -0.13020834885537624,
        0.1953125
      ],
      "significant": false
    },
    {
      "metric": "H2: Dead %",
      "comparison": "\u03b1=0.0 vs \u03b1=1.0",
      "baseline_values": [
        0.1953125,
        0.0,
        0.32552084885537624
      ],
      "treatment_values": [
        3.3203125,
        4.81770858168602,
        3.125
      ],
      "mean_diff": 3.580729244276881,
      "t_stat": -5.723785929035046,
      "p_value": 0.029193399024130363,
      "cohens_d": 3.304629346909126,
      "ci_95": [
        2.7994791511446238,
        4.81770858168602
      ],
      "significant": true
    },
    {
      "metric": "H3: Patch Ratio",
      "comparison": "\u03b1=0.0 vs \u03b1=0.1",
      "baseline_values": [
        1.2025413431296395,
        1.1748963788133022,
        1.1893811986263918
      ],
      "treatment_values": [
        1.4023090177996476,
        1.3081802717870834,
        1.50025775520744
      ],
      "mean_diff": 0.21464270807494587,
      "t_stat": -4.143419504408054,
      "p_value": 0.05360736205497971,
      "cohens_d": 2.3922043662088743,
      "ci_95": [
        0.13328389297378118,
        0.3108765565810483
      ],
      "significant": false
    },
    {
      "metric": "H3: Patch Ratio",
      "comparison": "\u03b1=0.0 vs \u03b1=1.0",
      "baseline_values": [
        1.2025413431296395,
        1.1748963788133022,
        1.1893811986263918
      ],
      "treatment_values": [
        3.7723394047875387,
        2.362718290214732,
        2.2238927138776807
      ],
      "mean_diff": 1.597377162770206,
      "t_stat": -3.271835376842195,
      "p_value": 0.08207815956154546,
      "cohens_d": 1.8889950355617482,
      "ci_95": [
        1.034511515251289,
        2.5697980616578993
      ],
      "significant": false
    }
  ]
}