{
  "baseline_s123": {
    "run_id": "baseline_s123",
    "model_type": "vit_small_patch16_224",
    "alpha": 0.0,
    "seed": 123,
    "val_acc": 0.6194,
    "epoch": 83,
    "h1": {
      "mono_mean": 0.23242898285388947,
      "mono_median": 0.21059703826904297,
      "mono_max": 0.5794269442558289,
      "frac_gt_05": 0.0052083334885537624
    },
    "h2": {
      "l0_norm": 1256.1588134765625,
      "dead_pct": 0.32552084885537624,
      "recon_loss": 0.012608123943209648
    },
    "h3": {
      "cluster_dlogit": 0.3258543312549591,
      "random_dlogit": 0.2839227020740509,
      "patch_ratio": 1.1476867783893232
    }
  }
}