{
  "run_id": "topo_weak_s123",
  "model_type": "vit_small_patch16_224",
  "alpha": 0.1,
  "seed": 123,
  "val_acc": 0.6172,
  "epoch": 89,
  "h1": {
    "mono_mean": 0.23284371197223663,
    "mono_median": 0.21378093957901,
    "mono_max": 0.6571096181869507,
    "frac_gt_05": 0.0052083334885537624
  },
  "h2": {
    "l0_norm": 1305.3916015625,
    "dead_pct": 0.13020833721384406,
    "recon_loss": 0.0029755670111626387
  },
  "h3": {
    "cluster_dlogit": 0.45334720611572266,
    "random_dlogit": 0.3465479612350464,
    "patch_ratio": 1.3081802717870834
  }
}