{
  "run_id": "topo_weak_s456",
  "model_type": "vit_small_patch16_224",
  "alpha": 0.1,
  "seed": 456,
  "val_acc": 0.612,
  "epoch": 86,
  "h1": {
    "mono_mean": 0.2331937551498413,
    "mono_median": 0.21271628141403198,
    "mono_max": 0.9999999403953552,
    "frac_gt_05": 0.0052083334885537624
  },
  "h2": {
    "l0_norm": 1331.259765625,
    "dead_pct": 0.1953125,
    "recon_loss": 0.002946763299405575
  },
  "h3": {
    "cluster_dlogit": 0.47286197543144226,
    "random_dlogit": 0.31518715620040894,
    "patch_ratio": 1.50025775520744
  }
}