{
  "run_id": "topo_weak_s42",
  "model_type": "vit_small_patch16_224",
  "alpha": 0.1,
  "seed": 42,
  "val_acc": 0.6138,
  "epoch": 67,
  "h1": {
    "mono_mean": 0.2383483648300171,
    "mono_median": 0.20740395784378052,
    "mono_max": 0.735221266746521,
    "frac_gt_05": 0.0052083334885537624
  },
  "h2": {
    "l0_norm": 1282.62353515625,
    "dead_pct": 0.390625,
    "recon_loss": 0.006231748964637518
  },
  "h3": {
    "cluster_dlogit": 0.46377432346343994,
    "random_dlogit": 0.330721914768219,
    "patch_ratio": 1.4023090177996476
  }
}