{
  "run_id": "topo_strong_s456",
  "model_type": "vit_small_patch16_224",
  "alpha": 1.0,
  "seed": 456,
  "val_acc": 0.5894,
  "epoch": 77,
  "h1": {
    "mono_mean": 0.236604705452919,
    "mono_median": 0.21510827541351318,
    "mono_max": 0.6414057016372681,
    "frac_gt_05": 0.0026041667442768812
  },
  "h2": {
    "l0_norm": 1132.9517822265625,
    "dead_pct": 3.125,
    "recon_loss": 0.0049026133492589
  },
  "h3": {
    "cluster_dlogit": 0.8915821313858032,
    "random_dlogit": 0.4009105861186981,
    "patch_ratio": 2.2238927138776807
  }
}