{
  "run_id": "topo_strong_s123",
  "model_type": "vit_small_patch16_224",
  "alpha": 1.0,
  "seed": 123,
  "val_acc": 0.601,
  "epoch": 78,
  "h1": {
    "mono_mean": 0.2337339073419571,
    "mono_median": 0.21154570579528809,
    "mono_max": 0.6031082272529602,
    "frac_gt_05": 0.0026041667442768812
  },
  "h2": {
    "l0_norm": 1138.0555419921875,
    "dead_pct": 4.81770858168602,
    "recon_loss": 0.009859096258878708
  },
  "h3": {
    "cluster_dlogit": 0.9110061526298523,
    "random_dlogit": 0.38557544350624084,
    "patch_ratio": 2.362718290214732
  }
}