{
  "run_id": "topo_strong_s42",
  "model_type": "vit_small_patch16_224",
  "alpha": 1.0,
  "seed": 42,
  "val_acc": 0.5974,
  "epoch": 81,
  "h1": {
    "mono_mean": 0.23736323416233063,
    "mono_median": 0.20962172746658325,
    "mono_max": 0.8130941390991211,
    "frac_gt_05": 0.0078125
  },
  "h2": {
    "l0_norm": 1120.3731689453125,
    "dead_pct": 3.7109375,
    "recon_loss": 0.00470201438292861
  },
  "h3": {
    "cluster_dlogit": 1.2527300119400024,
    "random_dlogit": 0.3399963974952698,
    "patch_ratio": 3.684539075027791
  }
}