{
  "run_id": "topo_001_s42",
  "model_type": "vit_small_patch16_224",
  "alpha": 0.01,
  "seed": 42,
  "val_acc": 0.615,
  "epoch": 88,
  "h1": {
    "mono_mean": 0.2317425012588501,
    "mono_median": 0.20960158109664917,
    "mono_max": 0.9999999403953552,
    "frac_gt_05": 0.0026041667442768812
  },
  "h2": {
    "l0_norm": 1313.4403076171875,
    "dead_pct": 0.2604166744276881,
    "recon_loss": 0.010958387516438961
  },
  "h3": {
    "cluster_dlogit": 0.39279019832611084,
    "random_dlogit": 0.3357295095920563,
    "patch_ratio": 1.1699603016827111
  }
}