{
  "h1": {
    "mono_mean": 0.261846125125885,
    "mono_median": 0.2017562985420227,
    "mono_max": 0.9999999403953552,
    "frac_gt_05": 0.0390625
  },
  "h2": {
    "l0_norm": 437.4952087402344,
    "dead_pct": 1.3671875,
    "recon_loss": 6.337842933135107e-05
  },
  "h3": {
    "cluster_dlogit": 1.4661188125610352,
    "random_dlogit": 1.3173178434371948,
    "patch_ratio": 1.1129575294718421
  },
  "val_acc": 0.4606,
  "epoch": 48,
  "model_type": "tiny_vit"
}